future_day,predicted_discipline
121,17.74120727035269
122,17.74120727035269
123,17.74120727035269
124,17.74120727035269
125,17.74120727035269
