future_day,predicted_discipline
121,11.939244998212969
122,11.939244998212969
123,11.939244998212969
124,11.939244998212969
125,11.939244998212969
